{
  "accuracy": 0.6614048934490924,
  "macro_precision": 0.5459800366278775,
  "macro_recall": 0.7189958862397596,
  "macro_f1": 0.5872407591639426,
  "weighted_f1": 0.6833808681839538,
  "macro_auc": 0.9410179132366538,
  "weighted_auc": 0.9161138659967443,
  "per_class": {
    "AK": {
      "precision": 0.3877551020408163,
      "recall": 0.6627906976744186,
      "f1": 0.4892703862660943,
      "support": 86,
      "severity": "medium"
    },
    "BCC": {
      "precision": 0.8301886792452831,
      "recall": 0.6606606606606606,
      "f1": 0.7357859531772575,
      "support": 333,
      "severity": "high"
    },
    "BKL": {
      "precision": 0.41015625,
      "recall": 0.7984790874524715,
      "f1": 0.5419354838709678,
      "support": 263,
      "severity": "low"
    },
    "DF": {
      "precision": 0.2087912087912088,
      "recall": 0.7916666666666666,
      "f1": 0.33043478260869563,
      "support": 24,
      "severity": "low"
    },
    "MEL": {
      "precision": 0.5708245243128964,
      "recall": 0.5973451327433629,
      "f1": 0.5837837837837838,
      "support": 452,
      "severity": "critical"
    },
    "NV": {
      "precision": 0.9204419889502763,
      "recall": 0.6467391304347826,
      "f1": 0.7596899224806201,
      "support": 1288,
      "severity": "low"
    },
    "SCC": {
      "precision": 0.42857142857142855,
      "recall": 0.7142857142857143,
      "f1": 0.5357142857142858,
      "support": 63,
      "severity": "high"
    },
    "VASC": {
      "precision": 0.6111111111111112,
      "recall": 0.88,
      "f1": 0.7213114754098361,
      "support": 25,
      "severity": "low"
    }
  }
}