{
  "accuracy": 0.4696132596685083,
  "macro_precision": 0.4143767500002116,
  "macro_recall": 0.5881193154262391,
  "macro_f1": 0.355950235056943,
  "weighted_f1": 0.5151511436543696,
  "macro_auc": 0.8884452279594613,
  "weighted_auc": 0.8585306653740258,
  "per_class": {
    "AK": {
      "precision": 0.24766355140186916,
      "recall": 0.6162790697674418,
      "f1": 0.35333333333333333,
      "support": 86,
      "severity": "medium"
    },
    "BCC": {
      "precision": 0.84,
      "recall": 0.12612612612612611,
      "f1": 0.21932114882506526,
      "support": 333,
      "severity": "high"
    },
    "BKL": {
      "precision": 0.26063829787234044,
      "recall": 0.55893536121673,
      "f1": 0.3555018137847642,
      "support": 263,
      "severity": "low"
    },
    "DF": {
      "precision": 0.071875,
      "recall": 0.9583333333333334,
      "f1": 0.13372093023255813,
      "support": 24,
      "severity": "low"
    },
    "MEL": {
      "precision": 0.5555555555555556,
      "recall": 0.38716814159292035,
      "f1": 0.4563233376792699,
      "support": 452,
      "severity": "critical"
    },
    "NV": {
      "precision": 0.9248322147651007,
      "recall": 0.5349378881987578,
      "f1": 0.6778160354156418,
      "support": 1288,
      "severity": "low"
    },
    "SCC": {
      "precision": 0.16170212765957448,
      "recall": 0.6031746031746031,
      "f1": 0.2550335570469799,
      "support": 63,
      "severity": "high"
    },
    "VASC": {
      "precision": 0.25274725274725274,
      "recall": 0.92,
      "f1": 0.39655172413793105,
      "support": 25,
      "severity": "low"
    }
  }
}